frame,bob,swayPred,shadow_y320,shadow_y400,pillar_y400,pillar_y430,seam_y320
60,0.0968,0.0210,305.11,264.14,611.55,607.24,503.36
61,0.0968,0.0210,310.72,261.62,611.55,599.54,500.75
62,0.0981,0.0368,309.72,259.10,611.55,590.57,493.62
63,0.0981,0.0368,312.46,258.40,611.58,599.51,492.33
64,0.0981,0.0368,318.27,252.61,628.26,589.50,484.50
65,0.0989,0.0469,323.72,259.58,622.84,599.85,483.64
66,0.0989,0.0469,,259.71,619.37,610.71,476.33
67,0.0989,0.0469,284.30,263.51,619.49,624.55,471.27
68,0.0993,0.0495,278.96,,628.36,632.50,466.75
69,0.0993,0.0495,277.43,235.98,628.36,650.00,462.44
70,0.0993,0.0495,274.08,234.71,628.21,642.29,460.27
71,0.0851,0.0416,273.22,235.78,628.48,651.44,453.64
72,0.0851,0.0416,272.15,234.69,628.84,650.50,453.58
73,0.0851,0.0416,270.93,230.74,628.43,650.50,447.97
74,0.0650,0.0312,270.35,231.01,619.35,659.50,442.23
75,0.0650,0.0312,269.99,229.70,619.35,650.50,440.25
76,0.0650,0.0312,270.29,229.18,619.36,650.50,437.83
77,0.0466,0.0221,269.82,226.91,619.36,650.50,435.16
78,0.0466,0.0221,268.90,225.83,619.36,650.50,433.24
79,0.0466,0.0221,268.11,225.56,619.36,650.50,432.30
80,0.0321,0.0151,266.94,224.85,619.36,642.82,431.19
81,0.0321,0.0151,266.70,224.17,611.51,641.50,430.17
82,0.0321,0.0151,266.19,224.20,610.50,641.50,429.55
83,0.0215,0.0101,265.92,223.32,610.50,641.50,428.95
84,0.0215,0.0101,265.84,222.85,610.48,641.50,428.72
85,0.0215,0.0101,265.65,222.43,610.48,641.50,428.59
86,0.0142,0.0066,264.98,222.32,610.48,632.50,427.85
87,0.0142,0.0066,265.31,221.91,610.48,632.50,427.71
88,0.0142,0.0066,264.99,221.81,610.48,632.50,427.56
89,0.0085,0.0040,265.10,221.43,610.48,632.50,427.24
90,0.0085,0.0040,265.06,221.07,610.48,632.50,423.49
91,0.0085,0.0040,265.08,221.01,610.48,632.50,423.55
92,0.0051,0.0024,265.03,221.10,610.48,632.50,423.44
93,0.0051,0.0024,264.98,220.73,610.48,632.50,423.42
94,0.0051,0.0024,264.96,220.84,610.48,632.50,424.83
95,0.0031,0.0014,265.29,220.74,610.48,632.50,425.07
96,0.0031,0.0014,265.22,220.68,610.48,632.50,425.05
97,0.0031,0.0014,265.10,220.68,610.48,632.50,425.14
98,0.0018,0.0009,265.22,220.66,610.48,632.50,424.98
99,0.0018,0.0009,265.26,220.46,610.48,632.50,424.96
100,0.0018,0.0009,265.26,220.44,610.48,632.50,424.96
101,0.0225,0.0091,265.26,220.35,610.48,632.50,424.96
102,0.0225,0.0091,266.11,220.89,610.36,632.50,426.40
103,0.0225,0.0091,267.57,222.99,610.36,632.50,428.04
104,0.0466,0.0132,268.53,225.63,610.36,633.29,428.32
105,0.0466,0.0132,267.84,228.21,610.36,641.50,437.05
106,0.0466,0.0132,268.74,228.82,610.36,650.50,440.20
107,0.0674,0.0078,270.95,229.75,610.36,659.50,443.33
108,0.0674,0.0078,272.84,234.34,610.36,660.82,447.14
109,0.0674,0.0078,274.08,235.63,610.97,668.50,450.41
110,0.0805,-0.0061,273.99,231.87,612.02,660.58,455.94
111,0.0805,-0.0061,277.04,,619.46,660.62,457.74
112,0.0805,-0.0061,278.70,271.53,619.46,660.62,466.62
113,0.0883,-0.0230,275.53,273.28,602.51,660.62,466.44
114,0.0883,-0.0230,275.54,266.63,602.51,659.50,470.35
115,0.0883,-0.0230,,255.15,602.51,650.46,475.31
116,0.0930,-0.0378,315.59,250.74,602.54,650.46,481.36
117,0.0930,-0.0378,309.46,253.09,602.77,650.50,486.44
118,0.0930,-0.0378,304.10,254.43,601.27,651.54,492.26
119,0.0958,-0.0467,296.87,256.50,593.83,650.35,498.20
120,0.0958,-0.0467,288.97,257.58,593.54,649.53,504.60
121,0.0958,-0.0467,290.60,259.77,593.54,649.53,510.46
122,0.0975,-0.0479,292.46,259.46,593.54,649.53,520.51
123,0.0975,-0.0479,296.66,263.76,593.54,649.53,525.64
124,0.0975,-0.0479,298.59,265.73,593.54,641.46,521.44
125,0.0985,-0.0409,298.18,267.92,593.54,632.46,534.54
126,0.0985,-0.0409,291.25,270.43,593.54,641.50,538.91
127,0.0985,-0.0409,297.11,270.30,594.03,649.53,544.14
128,0.0991,-0.0268,299.15,,601.21,650.50,546.31
129,0.0991,-0.0268,299.48,297.92,601.35,651.50,550.32
130,0.0991,-0.0268,299.95,299.84,601.38,651.51,555.17
131,0.0994,-0.0082,,309.07,601.38,651.51,562.64
132,0.0994,-0.0082,,316.65,601.38,651.55,562.42
133,0.0994,-0.0082,,325.94,601.49,660.50,563.51
134,0.0997,0.0119,326.40,334.26,610.35,660.71,564.24
135,0.0997,0.0119,322.60,341.96,611.54,660.87,579.60
136,0.0997,0.0119,317.72,350.22,611.55,668.50,585.47
137,0.0998,0.0301,318.00,352.68,611.55,669.55,591.40
138,0.0998,0.0301,315.67,,619.35,660.71,606.18
139,0.0998,0.0301,318.22,,619.38,677.50,606.63
140,0.0999,0.0434,318.75,,619.38,678.62,614.50
---- osc RMS(px) / n / corrWithBob ----
shadow_y320  rms=6.683 n=76 corrSway=-0.012
shadow_y400  rms=6.990 n=75 corrSway=0.191
pillar_y400  rms=3.534 n=81 corrSway=0.277
pillar_y430  rms=6.657 n=81 corrSway=0.113
seam_y320    rms=5.358 n=81 corrSway=0.192
corrSway(shadow320)=-0.012 corrSway(pillar400)=0.277
shadowAvg=6.836 worldAvg(pillar)=5.096 ratio=1.342
